<?xml version="1.0" encoding="UTF-8"?>
<project-private xmlns="http://www.netbeans.org/ns/project-private/1">
    <editor-bookmarks xmlns="http://www.netbeans.org/ns/editor-bookmarks/2" lastBookmarkId="0"/>
    <open-files xmlns="http://www.netbeans.org/ns/projectui-open-files/2">
        <group>
            <file>file:/C:/Users/nicol/OneDrive/Documentos/NetBeansProjects/PaginaNormal/web/restrita.jsp</file>
            <file>file:/C:/Users/nicol/OneDrive/Documentos/NetBeansProjects/PaginaNormal/web/logout.jsp</file>
            <file>file:/C:/Users/nicol/OneDrive/Documentos/NetBeansProjects/PaginaNormal/web/index.jsp</file>
            <file>file:/C:/Users/nicol/OneDrive/Documentos/NetBeansProjects/PaginaNormal/src/java/config/Conexao.java</file>
        </group>
    </open-files>
</project-private>
